filename,chroma_stft,rmse,spectral_centroid,spectral_bandwidth,rolloff,zero_crossing_rate,mfcc1,mfcc2,mfcc3,mfcc4,mfcc5,mfcc6,mfcc7,mfcc8,mfcc9,mfcc10,mfcc11,mfcc12,mfcc13,mfcc14,mfcc15,mfcc16,mfcc17,mfcc18,mfcc19,mfcc20,label
0,0.519950747,0.045852661,1612.895795,1411.838677,2907.580566,0.107019495,-376.876,111.017365,-31.904015,6.622254,-0.816813,-4.456445,-0.19870242,-3.7595928,-5.181573,-0.6652092,-0.65647453,-7.4397116,-1.0345796,-0.20308389,-3.5134947,-1.7457045,-3.0118778,-2.8784823,-2.1064265,-4.0268254,not_covid
1,0.535472274,0.001770617,2892.087076,2467.408141,5072.664388,0.148584436,-519.15845,60.781284,-13.722886,52.145428,0.051049974,-2.5349102,16.10362,-1.4945799,4.1232524,11.030885,-0.15630655,-0.9099726,7.216461,-1.7196294,3.903021,3.6530395,3.0438817,2.4399571,2.7819684,2.1951616,not_covid
2,0.496666133,0.033656985,3429.061935,2788.634413,6886.288452,0.22531467,-282.2979,48.58168,-15.522366,12.710722,4.19998,-7.5777273,-19.324192,-12.037646,-16.901482,13.693965,0.8296146,-6.066336,-4.16764,1.0173023,-0.5238063,0.5386926,-8.855953,-2.9279768,-1.1185616,-5.9062276,not_covid
3,0.407548964,0.013452007,2710.811637,2664.28755,5778.474935,0.14207628,-346.8573,75.76562,-7.6481934,11.362121,11.365475,1.8424256,-7.9570065,-4.2642083,-8.283971,3.105164,-2.83868,5.0531178,-0.29130766,0.9871859,-2.4475262,3.6923673,2.3123276,-2.0596561,-4.7725987,-0.5038515,not_covid
4,0.41269657,0.059003852,1555.648634,1418.599932,2870.737092,0.133998326,-340.588,104.1567,-32.228443,-13.615362,-3.0296643,0.51209027,-21.811838,-17.781813,-9.270075,-5.505614,-5.3859444,-8.247169,0.94000584,-5.7010875,-6.3266296,-1.0800399,-1.8126092,-2.5189857,-3.6842663,-3.5641456,covid
5,0.411223054,0.062716424,2583.166934,2139.571025,4960.213216,0.195427789,-341.669,48.31515,-20.567408,18.050303,-16.142847,26.603905,-12.0932865,-15.4352665,-22.635958,-10.586809,-14.642157,-13.203741,-4.2726426,-12.16137,-5.9012117,-9.495269,-5.7525983,-12.553078,-14.743461,-5.8568387,covid
6,0.434887499,0.007785665,2072.981248,2381.560624,4941.870117,0.086531929,-352.87112,106.125084,-5.234628,17.117998,-13.158108,17.442297,-21.331602,-10.118554,-7.8968077,-12.174445,-7.9063516,-6.883116,-13.236508,-7.6814814,-8.179978,1.3321583,-12.484453,-6.1521163,-16.21385,-6.9402156,covid
7,0.420671344,0.03017102,1846.500366,1846.403105,3766.565959,0.109831633,-436.92346,57.27852,-3.1009738,9.521534,-7.685151,0.91291493,-10.636097,-7.9157233,-12.533147,-2.9522107,2.4072714,-6.6897516,-3.5949972,-6.0646124,0.21962233,-4.865091,-6.623953,-4.52034,-5.5087004,-5.995493,covid
8,0.472825021,0.070594445,3048.247566,1789.17763,4997.507931,0.323078486,-367.39355,27.250257,-84.51607,39.287247,-19.609724,18.510532,-3.4354699,7.919528,-10.1303215,-7.8161902,2.0630774,-17.158573,6.4379077,-12.561196,-4.894081,-4.5350704,-9.711328,-7.4954906,-3.640197,0.07431731,covid
9,0.41269657,0.059003852,1555.648634,1418.599932,2870.737092,0.133998326,-340.588,104.1567,-32.228443,-13.615362,-3.0296643,0.51209027,-21.811838,-17.781813,-9.270075,-5.505614,-5.3859444,-8.247169,0.94000584,-5.7010875,-6.3266296,-1.0800399,-1.8126092,-2.5189857,-3.6842663,-3.5641456,covid
10,0.309277296,0.026975576,1803.12302,1610.208629,3418.994141,0.121453179,-356.82056,101.56894,-28.543821,-0.29516092,-14.515765,6.35199,-12.797723,-4.686419,-7.408648,-10.7729225,-3.3272154,-4.7107854,10.7630205,0.74867105,-5.107099,-3.581699,-5.185194,-4.730515,-13.080507,-6.199188,covid
11,0.369727582,0.090256184,2073.045599,1921.397976,4125.10376,0.121889468,-303.7221,66.26729,-13.155841,15.722399,-23.560472,18.570467,-14.982377,-8.279063,-20.257984,-19.113882,-24.96106,-15.458065,1.7987587,-11.551136,-5.5299444,-7.417243,-15.625635,-8.805659,-4.0924325,-11.243354,covid
12,0.334862024,0.02582543,2378.157877,1837.929976,4174.002075,0.195543077,-461.92847,64.603355,0.10022425,10.27096,-8.108022,7.4615808,-25.43369,-9.2079935,-11.280663,-8.241456,1.316127,-14.069415,-5.9573507,-7.4559383,-1.6904227,-8.017926,-4.834618,0.49674982,-2.270895,-2.6574478,covid
13,0.362191647,0.077937983,2266.94546,1764.567442,4113.24056,0.175281666,-320.31894,73.559555,-29.058117,26.316483,-26.060493,6.5139275,-23.565577,-6.290837,-10.199195,-7.428458,-6.3129773,-10.217314,1.2605003,-11.598354,-1.8372034,-9.892962,-4.775889,-3.0614896,3.3981588,-7.010864,covid
14,0.400665015,0.065813228,2385.203326,1833.001714,4335.949707,0.180729619,-292.0627,69.57895,-33.955585,40.203526,-23.110619,0.08936935,-28.709799,-5.161098,-15.54339,2.4388218,-6.795052,-13.550159,5.6185436,-14.896605,3.1540358,-12.314966,-9.061207,-2.1453986,-3.8892395,-10.105475,covid
15,0.351491213,0.027681923,1715.378638,1905.517974,3689.530535,0.125993236,-463.25677,47.235237,-1.7112653,2.327963,6.7203555,0.88524723,-5.081976,-1.5737339,-1.5827707,-2.9518394,-1.081363,-2.6459794,-3.1315155,-3.2461855,-3.801576,-3.9774282,-2.4455028,-3.1381116,-4.2141757,-3.23236,covid
16,0.423390657,0.045958377,1953.875884,1841.229434,4010.060628,0.118139196,-400.5547,82.685265,-15.981188,17.27403,-26.553919,1.3995059,-22.01638,-1.5978144,-13.187997,-9.483167,1.1639464,-4.7375393,1.4059244,-10.233898,-2.0031664,-9.886786,-3.1898313,-5.2504773,-4.0518603,-2.4829483,covid
17,0.459671825,0.027777113,1909.696753,1886.206615,3996.402995,0.113618074,-450.2633,61.5645,-5.5161033,16.895706,-9.31487,0.2120268,-10.684124,-7.6969576,-3.935188,-1.9636321,-4.859331,-9.54076,-3.9657733,-7.999577,-4.897375,-7.9699464,-8.215626,-4.8368,-1.229677,-5.7269616,covid
18,0.617521763,0.0047672,2434.453569,2470.180196,5392.272949,0.137084961,-361.21887,96.15545,-13.512672,11.622542,-14.032561,21.035294,-19.339262,-7.518305,-3.5890236,-8.409999,-5.117889,-6.764609,-14.463193,-2.04796,-8.324817,1.76044,-10.199375,2.0416791,-11.893744,-4.198474,covid
19,0.463166445,0.023960546,2756.662871,1939.62196,4879.091724,0.312410117,-455.443,38.41777,-61.265568,31.33932,-10.237321,22.308792,2.7823555,4.255665,-7.9255176,-4.528626,0.42609227,-13.797683,2.936986,-13.484205,-6.863625,-7.767502,-10.156083,-6.1234,-1.6305782,-1.2750787,covid
20,0.411223054,0.062716424,2583.166934,2139.571025,4960.213216,0.195427789,-341.669,48.31515,-20.567408,18.050303,-16.142847,26.603905,-12.0932865,-15.4352665,-22.635958,-10.586809,-14.642157,-13.203741,-4.2726426,-12.16137,-5.9012117,-9.495269,-5.7525983,-12.553078,-14.743461,-5.8568387,covid
21,0.363964438,0.065670423,1912.841678,1714.528655,3665.354919,0.125320435,-290.72958,99.88436,-21.749252,10.125379,-10.962878,18.9501,-17.04703,-6.9938893,-12.324047,-5.4618535,0.29664263,-10.3999405,2.8824317,-4.6043386,-1.9495053,-0.53375596,-8.028724,-4.032121,-8.291359,-1.9258922,covid
22,0.409738839,0.028128421,2175.508176,1985.340537,4341.133626,0.141063549,-440.58203,40.799797,-6.74805,19.952349,-22.177368,-3.095908,-9.884746,-5.1344733,-8.026629,-7.554245,-6.4164863,-5.0015845,1.3674626,-5.8012934,-1.1682543,-7.3118367,-4.4306216,-4.7654624,-6.0047956,-3.8163967,covid
23,0.512198865,0.032608017,3509.489791,2784.724601,6721.549479,0.248092086,-380.59238,43.96115,-21.002771,-13.531267,-14.669158,-6.3075843,-9.054981,-25.734934,-7.9427814,-10.283154,-14.054121,-9.932128,-10.179107,-6.4269958,-7.9634337,1.759291,-4.0246778,-0.6211663,0.45205027,2.7331617,not_covid
24,0.34829697,0.039313007,1526.359728,1282.259523,2386.895752,0.095377604,-304.40472,133.29726,-70.99811,-9.579423,-17.732363,-5.9053783,-35.414528,-8.07685,-17.411106,-12.782174,3.2466266,-14.750417,3.4580264,4.250971,-3.9758942,-1.9140725,0.8928138,-13.62359,-0.12716208,0.4455839,not_covid
25,0.458157867,0.124863856,2760.735927,2606.791027,5586.47054,0.118552879,-193.18155,54.297382,-7.362638,13.541848,8.729896,6.0532713,-3.7252321,4.1112785,-5.673363,6.118658,2.5635118,2.342388,1.3673134,7.127768,0.08858566,5.1229,1.9932272,2.3409293,-2.8755138,2.8293412,not_covid
26,0.475579143,0.002552317,3668.663865,3029.887167,7403.035482,0.327071578,-457.44455,53.7647,2.9541395,13.522786,1.0053811,16.296022,-8.13319,3.595787,-4.910078,6.90535,-5.800284,3.474259,-7.9763794,1.6762652,-9.405163,4.994161,-4.478344,-5.7919593,1.0319191,-3.146394,not_covid
27,0.429178685,0.10044121,2054.374385,2254.695326,4537.075806,0.109607838,-185.7208,117.29255,-5.195736,-0.6489806,-19.376307,10.557034,-17.698513,9.129895,-12.735903,14.244602,-12.842277,1.6044602,0.15956539,8.234794,-2.3897657,-1.0969436,10.457136,2.623343,4.8262777,1.2997564,not_covid
28,0.274164855,0.166365236,1956.219585,1874.866297,3531.445313,0.104763455,-202.12985,81.03451,-57.602463,-26.702766,-29.78616,-12.453511,-32.74725,-11.211177,6.4953694,-10.495772,-18.559853,1.788004,-6.163511,-2.0976467,-10.944049,-7.0550966,-9.659548,-3.6953,6.1327844,14.158434,not_covid
29,0.525689065,0.007716475,3233.052293,2889.719966,6784.254964,0.193895128,-419.20508,66.34025,-4.053522,-9.764458,-12.323539,-1.0484045,-11.0198145,-24.39359,-11.22245,7.9385047,-21.89598,1.973421,5.8229594,-14.370368,-2.0936358,-4.6838336,-2.5090382,-6.8318768,-6.762606,1.7702672,not_covid
30,0.464027971,0.04348895,2454.187267,1973.008894,4241.293335,0.163915564,-234.90448,79.550674,-53.647137,22.16709,10.998927,5.229691,-25.470398,13.119086,-16.963602,22.39369,6.221455,3.1697252,4.5513816,11.3157215,-5.284244,-0.20685065,-3.7235508,5.9848914,-2.299465,-0.14671834,not_covid
31,0.488903373,0.003103614,2446.901246,2840.787283,5940.721639,0.066064905,-496.1287,81.61753,17.58351,15.767429,-8.162027,13.402913,-11.687775,0.88245547,5.831655,10.643824,5.4194913,1.9597161,-7.7867045,3.7525008,0.064954266,-3.6092057,-0.8695611,3.555005,-2.3748477,-6.2809567,not_covid
32,0.308861583,0.142870933,2194.446152,2214.090026,4194.139608,0.11831326,-228.17126,76.31013,7.804169,32.228622,-6.9387164,-8.786757,-14.378495,-8.048554,-4.443941,0.21974069,-10.6412,-3.940831,-8.908614,-6.2476206,-14.338831,-3.9599018,-7.2545776,-3.4514873,-1.2389885,-2.2665303,not_covid
33,0.411364883,0.079978637,2136.841087,2373.170802,4689.004517,0.090790925,-250.94151,97.703865,-0.071325794,21.099728,-3.81689,5.161593,-1.9906839,-0.08604827,0.37685436,2.6227565,-3.2720587,10.317269,1.6284299,8.8516655,2.19319,-4.499553,-2.6143482,-4.577003,-7.5389667,0.17635529,not_covid
34,0.434177548,0.014230295,2358.208517,2759.825235,5648.228963,0.088315611,-356.16226,95.73054,15.421777,13.005735,7.7893786,2.0547118,-6.43101,7.3276806,-2.3503418,4.9570193,-10.236128,0.5781878,-5.1930785,0.9306663,-4.965287,0.42214048,-5.2499332,-1.5741849,-0.65295976,1.3191206,not_covid
35,0.428970486,0.187262475,1524.040531,989.8332164,2479.907227,0.122563115,-156.68605,156.30403,-89.406586,-7.8060117,13.55233,-32.605747,-24.871447,-6.9390745,-24.243052,-4.711535,-1.1698668,-13.052325,3.8511853,-6.6403027,-14.331383,2.1226177,-5.0009465,-14.089565,-0.36256295,-0.6917259,not_covid
36,0.442778468,0.056437451,4758.135833,2732.200131,7728.525798,0.342737269,-171.57596,3.5349054,6.64198,12.740658,-5.9269147,1.5588453,-22.3253,8.836058,-10.694814,-3.0533588,-10.052779,-0.6128459,-4.6369915,-7.177852,-0.41546047,2.6132417,-4.8525023,0.048553254,-4.7724056,-4.6038,not_covid
37,0.547267139,0.032380503,2612.256186,2760.51917,5789.640299,0.110175239,-354.5123,64.30206,3.013714,10.379146,0.07582488,4.487958,1.141997,5.8554173,-5.418967,0.76002896,2.9336345,0.87745434,-1.5446503,-0.67943025,-0.7635724,1.645067,-1.7812839,0.5597419,-1.0509135,-0.3556839,not_covid
38,0.571199894,0.022513296,1232.49859,1179.593918,2502.18811,0.077067057,-387.52112,93.149956,-1.4046162,15.409661,16.688753,-13.4123125,-5.8396373,4.1178274,-1.0074658,1.126205,0.040377583,1.386621,5.610618,-1.6104207,-3.2362914,4.1650853,3.088992,3.301065,6.5528827,2.185101,not_covid
39,0.469756812,0.039109398,3281.025756,2693.061051,6281.913249,0.192344383,-325.8787,48.863457,-25.695015,2.885147,-16.946804,-12.037217,-15.289617,-19.87655,-6.0217137,-8.17482,-12.133911,-2.7849686,-4.58273,-5.241445,-8.40672,-2.5695891,-5.049072,-6.776691,-7.1081734,-4.7046795,not_covid
40,0.670417905,0.020245846,1389.674637,1237.041005,2947.00826,0.082051595,-340.36157,149.01901,-51.054855,32.675613,24.890032,-18.580347,24.420753,6.3261065,-5.6713557,18.443907,-3.880998,-3.694063,8.235624,-8.894459,-1.4042124,3.8439271,-6.937237,1.5225226,1.2448281,-3.324413,not_covid
41,0.320342183,0.147329643,2142.750787,1969.371745,4559.406535,0.113880299,-114.38119,109.43513,-42.725777,36.142628,-32.869892,27.5158,-23.312523,11.501671,-18.30365,1.5248115,-3.0778568,-8.067891,-2.6868932,-11.057601,6.515969,-4.268426,11.698417,1.4261813,7.157043,-1.7825404,not_covid
42,0.435732663,0.028426996,3328.721079,2605.825378,6177.487183,0.220264576,-350.82883,43.191647,-18.356306,2.1958451,-14.481541,-6.630214,-20.659899,0.5122544,-12.37197,-3.8512278,5.1066613,-1.0351424,-8.167939,-5.5700474,-2.3952465,-0.93240434,-3.1917431,-3.972607,-1.647129,-2.2450712,not_covid
43,0.641448736,0.017533304,3692.741736,3065.321997,7651.464844,0.174442998,-515.5197,7.931119,-7.650882,0.89140505,-1.7747493,-3.747826,-6.7090764,-7.5388865,-7.2574916,-1.8342184,0.12672555,1.5303599,-2.9319048,0.097681254,-1.0899701,-0.49170783,0.50409794,2.1167514,0.37642744,0.68658894,not_covid
44,0.540727317,0.005539697,2654.259085,2633.737563,5627.094523,0.142763491,-515.05945,74.74022,0.49509203,37.17488,18.15175,11.286108,-10.947579,-6.7028165,2.9295287,-2.7417774,-4.9800444,1.4556905,0.38060075,5.354942,3.7618465,-4.235328,-4.7015376,1.6100363,-1.5801276,0.6117097,not_covid
45,0.363649458,0.038308717,2468.037657,2333.799793,4950.094604,0.124923141,-286.62903,75.93911,-23.317532,6.229536,-27.618824,-11.228184,-33.443546,-9.168497,-11.411878,-1.3853257,-14.365983,-10.701167,-15.298493,-5.949689,-16.535616,-12.959285,-9.248907,-9.868318,-4.9718413,3.195716,not_covid
46,0.408119589,0.085317746,2293.475325,2375.801055,4855.438232,0.118062337,-207.15752,94.86842,-18.589277,5.5912595,-8.751921,-1.6999635,-19.92229,-12.625074,-14.447567,-5.617582,-12.751552,2.2158358,-2.3656614,0.42462823,-4.278125,-6.224642,-7.433106,0.08255397,-5.0724883,-5.2693167,not_covid
47,0.48936218,0.020425387,2563.196838,2679.712956,5491.016642,0.122712312,-289.04907,70.30587,-4.6072307,33.2162,27.45362,14.515774,6.928515,14.424739,11.352136,3.3139017,-6.430523,3.6954215,2.8438444,0.9158929,-4.785378,-0.21991853,0.71161544,-0.94882464,-4.8770285,-1.3866353,not_covid
48,0.428799987,0.029970789,2720.176377,2465.556088,5318.900553,0.166207773,-315.4739,74.884415,-32.14883,-14.003651,-11.39525,-7.054568,-9.4079,0.7388269,-21.797865,-12.0315695,-12.611912,-10.067079,-5.0689845,-7.0690207,-6.0192533,-4.0598536,-7.847696,-5.9798765,-8.779449,-5.3508706,not_covid
49,0.585678637,0.014779585,1389.610402,1455.153793,2822.743734,0.069252297,-489.43298,76.97902,-12.549966,10.387354,10.5105,-2.8928895,10.9990225,4.1072016,0.640087,9.53381,3.6799276,3.4476352,6.020228,1.1677748,2.0075133,0.53765076,-2.0472176,2.4102511,3.250027,2.3471012,not_covid
50,0.501026928,0.023375688,2396.873163,1850.764752,4350.006104,0.169759115,-369.53738,70.14352,-48.438934,-1.2970243,-5.6675453,6.2515416,-15.3379965,-1.5201535,-7.6163173,-2.898862,-2.7917476,-2.338339,-2.4950573,-5.7899847,-2.1415594,-2.8246176,0.4456555,-3.283266,-1.3269892,-1.1850165,not_covid
51,0.385113895,0.17200163,1896.584377,1807.455245,3812.523397,0.090182834,-192.5392,49.991074,-5.3834205,28.143473,-0.8823368,7.914916,-1.6411239,7.568224,-4.247723,7.3717403,-1.9581903,6.3506804,-3.2295249,2.370097,-6.5012975,3.7168405,-5.2314262,0.25035778,-3.7857893,-0.079142325,not_covid
52,0.277898401,0.097005367,2546.365388,2722.760741,5742.985026,0.041142216,-162.74454,67.270615,-8.856553,25.807144,23.657213,3.8569415,-7.375175,24.732801,-1.5004202,-8.230867,-2.412677,-6.2546487,-5.4862943,5.0001097,-16.6623,-11.494907,-3.3437235,-3.4578168,-7.7466493,-10.110889,not_covid
53,0.317862153,0.04842104,1689.943148,1302.26929,3204.110718,0.102416992,-289.23254,152.85866,-84.17613,43.61157,-36.921608,-6.602901,22.169079,-23.389893,9.449365,-9.032698,-1.6111517,7.904472,-6.2521677,7.336906,3.4423158,3.7941089,-1.5217638,-2.0872283,1.6208686,-4.6480446,not_covid
54,0.552495778,0.023503926,5268.005149,2804.769703,8231.216431,0.437886556,-323.02893,7.438105,30.045559,3.2308364,-14.653651,16.301023,-4.530689,16.119076,-14.218955,8.926141,-2.2212102,2.0342236,2.4956808,6.256582,-6.8248453,8.798111,-3.758737,0.55818856,-4.1229954,2.2176425,not_covid
55,0.449964076,0.015563735,1920.316681,2045.22956,3931.404622,0.099236382,-380.8705,112.468605,-19.4308,1.1350896,-0.9231655,1.6779488,-4.276978,-1.3210492,-0.99148375,-4.103592,-4.771017,-4.763397,-5.1902323,-2.5692976,-2.076707,0.813901,-0.3888206,0.5725947,-2.121652,0.4834215,not_covid
56,0.264923096,0.006055393,1337.378712,2054.728419,2823.192342,0.033230252,-438.90787,134.86586,12.167949,24.174742,4.3667455,18.716541,1.2694077,4.357102,-1.4800314,6.846523,-3.706583,1.8742651,-5.349735,-2.539192,-6.162723,-3.739096,-6.869716,-4.4981337,-8.347489,-5.5601954,not_covid
57,0.337311864,0.030012555,2708.071999,2574.091281,5812.718709,0.135846173,-340.76492,66.57049,-9.232459,-7.3638515,-18.43651,2.795256,-24.900707,-14.650707,-11.442198,5.523251,-14.762121,-8.487209,-8.998619,-11.752527,-7.1934023,-12.677223,-12.65478,-9.691325,-10.470808,-5.526122,not_covid
58,0.383086443,0.137975827,2058.952604,2213.08765,4099.782308,0.087897407,-76.38679,107.70123,-20.698198,11.027518,-9.606513,-7.73735,-13.789066,-8.07932,-8.583484,0.8267127,-5.6952763,1.9613296,-0.065236025,4.145157,-1.1821417,-1.3702569,-3.9226391,-2.631815,-6.5376434,-1.6260604,not_covid
59,0.67605108,0.003779522,2781.874568,2304.328344,5648.926799,0.213980216,-462.86444,82.44616,-38.429413,28.841356,-15.534512,5.3212914,-17.992552,4.0483584,-21.43466,13.29565,-23.17911,14.212177,-13.553907,0.5411342,-0.37806198,-6.324306,3.7874258,-5.996387,3.3375905,-6.4911556,not_covid
60,0.519950747,0.045852661,1612.895795,1411.838677,2907.580566,0.107019495,-376.876,111.017365,-31.904015,6.622254,-0.816813,-4.456445,-0.19870242,-3.7595928,-5.181573,-0.6652092,-0.65647453,-7.4397116,-1.0345796,-0.20308389,-3.5134947,-1.7457045,-3.0118778,-2.8784823,-2.1064265,-4.0268254,not_covid
61,0.472294271,0.118060872,2171.1715,2021.022685,4153.715007,0.128361455,-110.86503,100.784676,-45.949627,12.462494,-24.010319,2.3488462,-16.89668,1.1870432,-20.607542,3.971255,-8.80129,1.8312136,-13.469669,-6.7415824,-9.416103,-2.7908185,-13.183689,-2.3904812,-9.852476,-6.2714367,not_covid
62,0.458894432,0.040609844,3326.55331,2360.503837,5806.188965,0.240028664,-252.34348,51.856552,-34.49426,1.1312871,-17.795597,-3.9803421,-10.291951,-1.7240372,-10.103249,-3.90221,-9.404524,-1.7468215,0.014637559,3.488702,0.55432075,-1.5225034,-3.625226,-2.4087982,-4.9061685,0.78664696,not_covid
63,0.465113521,0.06575679,2334.83486,2422.755362,4712.182617,0.119698984,-198.57227,98.35516,-22.57605,5.5942407,-3.1018994,-8.382719,-8.455708,-2.3485065,-15.198103,-2.1193101,-1.8305339,-1.5932112,-9.414607,0.27312276,-6.0769053,2.3470402,-5.6026397,-3.3902953,-3.059633,-2.063679,not_covid
64,0.40945825,0.039402969,2449.933602,2419.22036,4960.312907,0.119868526,-304.9496,79.19062,-30.3009,10.320595,11.483382,8.871163,-9.350444,6.1153035,13.539058,2.197509,6.1778626,2.379321,-0.44998324,5.9312167,0.99942344,-0.42337194,-0.63127065,1.3197273,-3.1418269,5.869328,not_covid
65,0.429275692,0.014173257,4622.81712,3265.835673,8701.806641,0.386169434,-309.27728,50.472023,23.252481,-24.298502,-27.886045,7.065902,-12.771632,-40.846676,12.2104225,-3.7541137,-35.06099,-11.616138,10.29666,-25.082901,-16.066721,-3.0929105,-1.3379278,-15.347728,-10.1636915,24.199192,not_covid
66,0.508368492,0.017810635,2720.946381,3004.710296,6610.693359,0.107430917,-417.77185,80.78856,10.30057,-9.423872,-2.8705447,3.2816968,3.1120362,5.5370507,-4.6595497,-2.913648,-3.465887,2.3567188,2.6616285,-0.32169583,-6.3394957,3.4459367,6.9285164,2.5684068,1.0203474,3.3321116,not_covid
67,0.535472274,0.001770617,2892.087076,2467.408141,5072.664388,0.148584436,-519.15845,60.781284,-13.722886,52.145428,0.051049974,-2.5349102,16.10362,-1.4945799,4.1232524,11.030885,-0.15630655,-0.9099726,7.216461,-1.7196294,3.903021,3.6530395,3.0438817,2.4399571,2.7819684,2.1951616,not_covid
68,0.496666133,0.033656985,3429.061935,2788.634413,6886.288452,0.22531467,-282.2979,48.58168,-15.522366,12.710722,4.19998,-7.5777273,-19.324192,-12.037646,-16.901482,13.693965,0.8296146,-6.066336,-4.16764,1.0173023,-0.5238063,0.5386926,-8.855953,-2.9279768,-1.1185616,-5.9062276,not_covid
69,0.407548964,0.013452007,2710.811637,2664.28755,5778.474935,0.14207628,-346.8573,75.76562,-7.6481934,11.362121,11.365475,1.8424256,-7.9570065,-4.2642083,-8.283971,3.105164,-2.83868,5.0531178,-0.29130766,0.9871859,-2.4475262,3.6923673,2.3123276,-2.0596561,-4.7725987,-0.5038515,not_covid
70,0.458105773,0.026398502,2604.02147,2404.247428,5276.23291,0.160328053,-368.7648,68.98127,-3.008705,4.7781944,-22.7553,-6.267438,-5.004198,-2.985133,-22.23958,-10.318089,-1.9070361,-3.051647,2.440625,-3.809846,-4.7696285,1.4055535,-7.5152583,-5.726154,-1.3284063,-7.6148686,not_covid
71,0.384746432,0.049204037,2091.414284,1901.238089,4090.710449,0.125370732,-333.04962,77.42475,-29.191895,-11.919641,-40.090626,-14.11332,-24.773205,-3.5147216,-12.15155,-8.261119,-11.189687,-15.348669,-11.824494,-16.67996,-6.1085396,-6.9065247,0.8878285,-1.7449982,-0.27385,0.43755347,not_covid
72,0.436047018,0.011751239,2534.729489,2744.683779,5691.843669,0.105981897,-369.51694,88.61799,5.340974,7.0934916,1.3005975,3.945221,-9.623875,-4.5673785,-1.3056104,-5.881205,-10.470909,-7.262912,-10.107201,-8.427964,-11.139881,-7.1943326,-9.276198,-4.7118473,-9.524534,-4.163607,not_covid
73,0.351981133,0.102619037,2744.190304,2320.338361,5163.33313,0.158596463,-183.9152,58.546688,-38.570534,11.472367,-24.989231,-18.940271,-26.794249,-18.417942,-12.306013,-10.627645,-13.018801,-3.46925,-13.397896,-5.729099,-10.788556,-5.523949,-6.931828,-3.279372,-1.9719667,0.3820542,not_covid
74,0.298947245,0.020401955,1854.845655,2354.684236,4243.885295,0.068187572,-468.12128,97.57889,26.816969,16.921354,-0.9295281,10.964483,0.10029475,1.1751131,4.6613483,-4.7612033,-6.170353,0.42768592,2.414691,5.7556877,5.678026,2.372491,3.501154,0.45003998,-2.4350278,-4.1578484,not_covid
75,0.380537271,0.090963952,2420.90436,1998.083848,4474.968465,0.153340658,-177.39612,77.235695,-63.81255,2.7996333,-31.186079,5.6364703,-16.179342,-4.239264,-8.8146715,4.5787864,-11.636681,-4.122484,-10.54268,6.545998,-13.089819,-0.007408001,-6.987936,5.513156,-6.092787,5.1414437,not_covid
76,0.388324142,0.083668172,2752.002994,2596.182279,5654.908244,0.145026313,-191.0633,71.334335,-24.327377,-2.2180514,-11.397723,-3.6465693,-19.008915,-12.994525,-7.3712544,0.039619446,-9.300771,-4.2571907,-4.9065514,-2.1167877,-8.234824,-2.3403404,-2.1099887,1.224,-3.1922252,-1.6552615,not_covid
77,0.333474934,0.055294242,2171.736242,1726.23263,4083.981323,0.150137442,-246.50789,113.1378,-46.953144,68.41098,-36.685623,6.769947,-13.575401,-26.430305,-8.543426,-5.5563197,-11.525287,-5.9942503,-12.832373,-7.1403017,-6.840054,-6.2989388,1.5005107,-3.347479,-2.37614,-7.919164,not_covid
78,0.334264725,0.081515543,2788.991053,2353.361394,5333.60494,0.158576118,-167.23343,59.130253,-46.821903,-4.9905734,-41.701653,-28.677723,-22.505892,-21.263956,-20.44159,1.8546867,-24.185478,-6.495608,-19.467695,-2.5642214,-5.902363,-4.577546,3.3467503,4.9740796,-7.847776,-3.1633291,not_covid
79,0.476017326,0.152016506,1177.035764,1083.093391,2302.557373,0.075242784,-228.33269,143.1544,-33.903336,11.215624,11.454398,-17.609118,-4.5176787,-21.693083,-29.803226,2.5119383,-4.0313535,-12.731685,-1.627903,-0.60545623,-1.0898215,-1.5387703,-6.6615963,-3.6357386,-4.4047966,-6.7212615,not_covid
80,0.544182181,0.011033432,2996.473857,2686.654498,6132.22758,0.181183992,-341.83298,72.79235,-13.49164,7.834192,-12.211912,-0.33000126,-8.00429,2.7352633,-3.5248754,0.13215157,-0.07252206,1.4079653,-1.0713956,2.4070446,-1.2685709,-1.0620947,-5.098111,-1.1978652,-5.278611,1.5804334,not_covid
81,0.45423159,0.032849219,3088.643371,3098.962637,7191.392008,0.155036079,-286.70865,78.45445,28.389137,-14.232214,-9.564834,7.9859343,7.276418,-8.109893,4.872405,19.306559,-13.180678,-1.2440008,9.114149,-3.003058,0.7866738,3.5237896,-0.71609426,-1.0690618,-8.96678,7.9439235,not_covid
82,0.309768349,0.093238562,1422.994515,987.5257092,2667.076619,0.102421513,-230.42719,175.07527,-84.29141,6.8675346,5.494448,-31.496569,26.326725,-1.5038637,-21.331959,12.670796,-2.2618368,-3.2693818,4.506043,-9.872288,-2.9262369,-7.4106774,-11.518995,9.016415,7.096124,2.7127962,not_covid
83,0.38273403,0.052023906,2222.752909,1599.120147,4181.877645,0.16180646,-242.89005,132.54346,-78.344376,76.72899,-26.21815,11.37949,19.435804,-15.00038,24.296192,-23.27607,2.895857,-1.6637113,-17.552137,11.554877,-14.094212,6.552103,1.4070146,-9.238698,7.1896853,-10.271782,not_covid
84,0.357904673,0.162100062,1587.340765,1106.079439,2676.450483,0.114097446,-167.94946,123.341644,-81.64656,2.0198944,-4.5857716,-7.269656,-1.3086227,-17.067696,0.44311014,0.4535418,1.7556763,-0.5041307,-0.2704052,5.937474,-3.1749053,4.3756757,3.8076813,0.9002652,4.868664,2.2293282,not_covid
85,0.155701518,0.21987173,1118.356838,1344.59598,1393.078613,0.06221743,-316.87564,95.603874,-6.3338866,-25.680069,-21.896894,-8.405534,-10.607154,-10.956746,-7.5481663,1.0649725,6.480564,4.400095,-1.4368515,-5.674116,-10.411378,-9.427606,-6.9054985,-3.2239916,2.3416412,6.099575,not_covid
86,0.537926972,0.054312307,1891.080903,2203.368381,4007.468669,0.078762478,-301.30667,73.59663,15.625441,30.289368,13.250993,20.323576,11.731214,8.556276,1.3195803,9.270705,12.988222,8.372963,3.356753,7.9795566,2.8782697,8.1942625,7.8798785,5.2216682,2.8954823,-0.21230768,not_covid
87,0.408097923,0.068757601,3039.896816,2367.403309,5634.770711,0.202616374,-191.73915,54.799397,-25.771214,18.545555,-19.199697,-0.43774188,-31.511248,-10.5127945,-12.718897,7.628234,-4.145029,3.5619519,-0.9332972,1.3409524,-0.5491707,-0.20889091,-9.421073,-0.71316963,-3.1524618,-2.7490234,not_covid
88,0.431396216,0.143380716,2639.163733,2519.612309,5278.426107,0.152391222,-205.59401,76.691765,-20.40111,-18.97351,-15.717864,-5.2596426,-7.7064176,-5.970681,-12.393855,-7.964695,-11.080834,-3.7352402,-4.748343,-1.1622033,-6.667286,-3.02548,-3.795608,-2.236379,-2.109183,-1.1351507,not_covid
89,0.345158875,0.164910868,2865.352304,2119.292608,5144.192505,0.182981138,-158.50865,54.38772,-50.93478,17.938944,-50.789642,5.919458,-21.204319,-14.262966,5.318194,-4.316988,-1.3078325,-14.03523,-9.973886,-4.6350517,-5.2653775,-1.5561521,-4.186388,-3.1943264,-7.3828297,-1.5137352,not_covid
90,0.339895755,0.019444717,2404.062382,2386.043121,4887.040202,0.112108019,-357.16675,85.33986,-22.704643,11.125972,-9.095216,-23.318872,-17.93383,-6.7951794,-20.620157,-4.2161374,-15.63241,-7.2031136,-12.20452,-4.3978753,-10.097636,-6.199328,-9.835264,-5.6421313,-9.733595,-5.8211055,not_covid
91,0.430799931,0.065346986,4189.762859,2911.880825,7672.499593,0.295439544,-205.74295,24.323315,-8.408669,4.2676306,-5.233532,-3.7346303,-30.300175,-17.875734,-13.605272,9.297288,-12.99092,-10.168505,-3.6833587,1.6477923,-7.537841,-5.496338,-8.14198,-1.2287103,-5.2374797,-5.102508,not_covid
92,0.454477191,0.060697205,2714.327936,2528.846288,5424.871826,0.158510561,-343.6829,52.51866,-10.951084,-1.9858127,-6.044702,-7.148026,-2.7937787,-16.972609,-13.218906,-4.9424877,-12.119,-5.9827857,-10.542517,-2.0683742,-4.4927297,-7.93616,-6.487879,-4.7658353,-4.8940616,-2.8186777,not_covid
93,0.373674721,0.090896375,2808.776158,2683.346616,6097.535197,0.132742423,-145.33304,74.38466,-5.49563,9.984993,-17.693447,5.605081,-8.586876,8.294615,-9.763975,-0.1428393,-6.784551,1.6548035,-8.43376,2.304041,-8.257757,-0.7699392,-8.103066,-3.5471582,-8.564416,0.6996655,not_covid
94,0.519490719,0.013096009,3269.135857,2580.863149,6024.212646,0.22845685,-468.50943,58.769405,-20.317568,-1.8964889,-9.265308,-5.8538737,-17.077347,-19.642908,-11.045777,-2.5464916,-13.441484,-14.773507,-7.985139,-9.806032,-16.100504,-9.821517,-7.997162,-2.6043293,-5.1983485,0.62015617,not_covid
95,0.228165641,0.029506685,1003.034355,899.7953068,1912.916056,0.039293077,-501.84433,27.7419,-16.54103,3.7408466,-0.09101477,3.620734,-3.572456,-2.45481,0.9373291,-2.905721,-0.57226706,-3.7220173,1.0284026,-0.32094136,-2.006868,0.499641,-1.6047002,0.62602985,-0.88813174,0.5969293,not_covid
96,0.513767004,0.002759232,2479.956423,2467.195567,5102.073161,0.134833442,-458.92517,87.15475,-22.21044,3.9287753,-10.60956,-2.652197,-9.639724,-8.002633,-8.409394,-3.301946,-13.522759,-4.2559547,-10.424691,-4.619887,-9.760191,-6.517352,-8.009929,-4.2573986,-9.599548,-4.6279693,not_covid
97,0.259972006,0.144175187,1938.46422,1896.51818,3569.178263,0.099005805,-229.53952,70.43151,16.738667,14.054653,2.3463633,-5.3769174,-4.9558253,-2.1334736,1.4998446,-0.53238225,-1.4341497,1.2554723,-7.168034,2.4966443,-4.2313166,-3.3787222,-5.8989778,-1.7148697,-2.263151,-2.003895,not_covid
98,0.358114511,0.006461456,2018.265692,1844.422331,3535.233561,0.11928078,-452.37524,98.29287,-57.7449,-7.424587,-17.391823,-6.04911,-4.9350467,1.8691839,-2.7732716,-6.776858,1.1240404,2.1642153,2.446496,-1.0631438,-7.08888,5.600464,3.6416874,2.4161131,0.5734556,-0.37771013,not_covid
99,0.323940039,0.063716508,2799.906747,2471.799879,5652.415975,0.151279026,-194.45494,61.79164,-21.80486,14.621696,-6.95136,-5.296279,-32.786697,4.028507,-2.4426095,0.13903296,-6.732435,1.418832,-8.762944,-6.2351336,-1.1898595,0.15525831,-1.7206713,-0.8129208,-4.63389,-2.291442,not_covid
100,0.436161369,0.039505798,2663.97029,2719.182579,6163.032023,0.13514766,-235.54231,71.1229,-17.374529,17.664938,13.67354,7.593543,3.7224624,15.067937,1.4290826,13.989599,-0.6453784,7.507563,-4.5112467,12.742979,-1.0084856,4.2050877,-0.38039356,13.108783,-0.03635297,1.4242206,not_covid
101,0.420666933,0.024343072,1670.791637,1485.258552,3421.785482,0.105692546,-300.74643,143.99747,-54.194588,47.820286,-24.53578,1.5402089,5.6419654,-2.3712783,14.21286,-11.4914665,8.755763,3.935166,-0.2924722,6.496425,2.2972174,-0.021611603,-0.75151473,3.4219306,-4.153487,-1.1774669,not_covid
102,0.535936594,0.00901507,2993.809023,2716.64333,6185.761515,0.175953053,-391.1061,72.32306,-3.9329298,13.919978,1.670865,7.6146035,-1.6184459,3.048897,-2.5986085,7.8271904,-4.7822804,10.795314,3.2457948,0.29550877,-5.997646,1.6688979,-5.0189877,-0.6338344,-3.8652408,1.3943331,not_covid
103,0.363772333,0.241855055,3720.674273,2743.896147,7034.079997,0.211947971,-83.30631,23.635324,-15.86534,2.775,-19.38098,-3.292195,-8.291615,2.1349053,0.4246588,8.59861,0.10429269,3.6745198,1.4504824,6.4023767,1.5002837,2.488981,-1.9243886,2.2922678,-2.034897,3.4196591,not_covid
104,0.514250159,0.037702933,3528.531247,2725.062288,6565.533447,0.239361798,-389.8152,41.663727,-11.190339,2.051854,-2.1460402,-10.525855,-14.787543,-8.839982,-16.418575,2.1235948,-14.60312,-7.3394346,-2.335864,-1.0209568,-3.0093827,3.8225393,-1.5173659,-0.17180853,0.7561726,-0.004121427,not_covid
105,0.559793174,0.012553818,1621.745449,1644.477621,3245.980835,0.093499078,-324.43192,143.42404,-43.737373,28.61699,-27.872261,22.48754,-20.062826,10.846648,2.1520886,-2.945169,6.223101,-3.1569338,10.5469885,-9.317411,6.033255,-9.275376,0.24971953,2.8578506,1.6170341,6.1447263,not_covid
106,0.384760559,0.069118798,1462.128024,1095.044436,2604.570516,0.105475532,-296.99136,131.79129,-40.277245,25.204119,17.170828,-34.468388,-2.6715941,-3.5898528,-21.035898,-3.321608,-9.486981,-10.264594,2.3121111,-4.4934177,-5.434583,-1.2576369,-7.5571327,-4.3887644,-3.6966665,-7.372445,not_covid
107,0.403090477,0.040212721,2465.361149,1861.960902,4559.45638,0.166282371,-319.86856,69.483215,-42.775074,36.88404,-0.706759,1.4335327,-14.150181,-8.502647,-9.774415,-2.0192654,-15.856716,-1.0855187,-3.657356,-5.1075006,3.8993943,-7.815311,-1.7020876,-5.6058774,-4.677108,-8.499938,not_covid
108,0.684558511,0.000234027,4223.866337,3322.024386,8234.506226,0.225316931,-667.7906,35.640335,24.961462,18.010998,6.5685596,11.787009,-1.3626716,6.7556458,-3.6375637,1.5669494,-3.5382745,-0.2513262,-0.43649837,0.54199094,0.65785164,1.9822168,0.65216213,2.4590013,0.12253786,2.9948208,not_covid
109,0.36224395,0.13159965,1472.469688,961.3997203,2488.430786,0.119072808,-170.3852,169.77507,-81.61059,17.726433,18.28614,-39.19202,-3.024695,-6.8458433,-20.12631,-3.8619692,-4.974962,-11.703998,-9.172558,-0.80599487,-5.424656,-7.5140586,0.98288727,-3.4359853,-1.2785738,1.8319349,not_covid
110,0.42525062,0.010332707,2885.344916,2777.170836,6010.754395,0.156439887,-457.5388,64.38558,4.1631813,5.005247,-1.7539343,-16.243696,-16.53041,-10.481332,-11.364245,-7.5634027,-7.980133,-3.3208513,-2.3741012,-1.7094498,-5.2335234,-2.020534,-3.3489294,-0.7568169,-3.875176,-2.2302487,not_covid
111,0.511427343,0.017094901,3392.423439,2746.62589,6716.864014,0.22966173,-440.4314,40.704525,-13.686163,-2.5503545,-14.0481825,-16.63266,-16.282265,-5.9557586,-2.1994207,0.12019864,-11.62984,-8.863632,-4.252929,-6.79602,-0.18977822,-1.882734,-13.996757,-4.971432,-2.8193104,-4.405136,not_covid
112,0.418303698,0.009333863,2230.03041,1985.673597,4126.848348,0.124448423,-488.67282,71.4986,-18.111982,24.463493,-7.3489895,-6.6705484,-7.9886327,-22.09283,0.72689056,2.5789218,-7.672216,-13.19956,-4.3252172,-9.202517,-8.611018,-8.342259,-8.5335655,-10.565015,-4.769956,-9.93543,not_covid
113,0.40017426,0.055973742,3581.156848,2295.044722,6001.981608,0.283983019,-242.75232,39.99632,-31.639091,12.203492,-55.749123,10.287713,-37.94951,-9.395675,-14.729192,-14.476868,-17.917593,-12.56873,-13.782116,-7.343909,-12.88446,-2.1919909,-4.8013463,-7.353072,5.7692904,-2.848921,not_covid
114,0.278760731,0.041465323,2545.9874,2109.804603,4943.365479,0.145191334,-310.5453,37.613728,-37.617462,-21.721823,-19.818224,-0.3777001,-10.941771,1.1379882,6.9356627,-7.356748,-0.16402902,1.8940935,-1.504835,4.2787666,-5.1673827,0.8588626,3.2195683,-3.1118193,-1.3609849,-1.9742632,not_covid
115,0.303276449,0.174373448,3012.171518,2554.024721,5984.735107,0.154536495,-119.358696,37.37176,-44.334164,-11.062767,0.60588384,-8.132566,-32.707016,-17.074934,-10.820189,-10.956605,-17.465158,-7.4871373,-0.5075528,-3.298082,-11.683071,-10.081495,-2.0785131,-8.529807,-0.27680984,-4.3784122,not_covid
116,0.490691572,0.188663766,2157.774466,2278.326607,4453.584798,0.106725622,-35.127018,103.339516,-16.697336,23.049814,-5.8798275,4.9159675,-1.5447408,14.762699,3.2577128,2.0656972,-3.3104563,8.402462,8.058834,7.005868,0.88281465,0.44199803,-5.6173053,0.6571817,-1.7973944,4.4733176,not_covid
117,0.411695659,0.113391332,2381.694756,1932.797099,4554.471842,0.149251302,-164.13593,99.52474,-53.645287,24.668362,-48.06799,6.2447195,-36.342766,11.608027,-24.477854,0.6544294,-7.354837,-8.128338,-3.5713763,-12.526899,1.6357797,-11.719109,1.3873718,-11.360559,2.6095028,-4.5842643,not_covid
118,0.606493652,0.02205416,4161.903996,3000.493516,7851.394653,0.310494882,-447.89987,20.946865,-3.5710402,4.8287983,-8.205285,-6.271461,-16.315271,-6.002081,-10.186818,0.64302063,-2.5717509,0.5647535,-7.6200933,-2.559788,-1.8970052,2.5063572,-4.231957,0.24716526,-2.5941067,-2.8283687,not_covid
119,0.578565121,0.007002763,3861.718252,3103.707957,7662.281291,0.226022226,-534.1514,41.005466,12.526412,13.559929,-2.8717394,10.3224325,-0.9364412,-1.2896498,-7.5597677,3.9708037,-6.0412536,-0.057206824,-1.4509733,-2.7289898,-1.6203489,-2.751097,-2.7508483,-0.03603137,-3.427395,1.491412,not_covid
120,0.290914923,0.212590605,2272.129086,2275.989552,4712.381999,0.09926577,-75.47475,85.72053,-17.670681,14.372223,-22.048166,2.4715261,-17.432272,-1.4421562,-21.83767,-6.049325,-7.252402,-8.1018305,-6.821644,-5.0700626,-5.9772906,-3.368928,-10.406045,-9.250571,-7.884596,-7.944915,not_covid
121,0.386215001,0.139356807,1911.426745,1785.820995,3811.277262,0.109542282,-148.55219,117.78774,-45.555843,25.359787,-22.21427,27.539783,-28.789185,-1.3748437,-15.27907,-0.6807347,-4.7406106,-7.298179,-3.720073,-4.550096,0.34345394,-4.2789087,2.4999633,-3.796494,7.1262674,-8.576957,not_covid
122,0.452314585,0.046419952,3709.741742,2761.619845,6919.934082,0.261707447,-304.7238,31.271986,-27.302797,-2.7890723,-9.352086,-13.826123,-14.421897,-5.641339,-10.269271,1.1185896,-10.8517275,-6.975965,-7.4938354,-4.1916537,-5.933293,-8.5861025,-4.574718,-2.4829342,-6.9526997,1.4191657,not_covid
123,0.346203417,0.037682686,2123.753635,2190.848822,4477.909342,0.101982964,-280.8227,81.51276,-3.2146933,9.383967,-3.2420697,3.3392453,-13.388756,-4.195127,-4.36809,-5.2271767,-15.477326,-0.03358163,-8.073101,-3.7198565,-5.4716706,2.4469182,-8.864509,-2.827947,-1.2792132,-2.519841,not_covid
124,0.338023722,0.065012701,1878.814548,1372.325466,3500.74056,0.135475441,-284.8894,128.05737,-90.21607,26.471457,-20.071005,-3.7321432,29.1698,-18.090395,11.593865,-4.14673,-6.609171,19.217077,-7.610327,14.669072,6.5269084,-6.6381006,18.419819,-2.8712575,-5.8729067,4.3051014,not_covid
125,0.352225453,0.098275058,1761.764227,1207.877075,2980.65389,0.133391204,-182.90042,145.03401,-93.6834,30.332771,-7.8623385,-1.2213285,-8.800712,-23.4408,19.408388,-15.519164,1.7946382,10.794377,-6.3062367,9.67317,-8.074639,4.759799,5.0153804,-6.1334386,7.388432,-5.2640495,not_covid
126,0.390708745,0.068322964,1297.622958,1272.763359,2502.138265,0.066926179,-281.36783,119.47948,-18.238834,8.107795,-14.862559,-14.501415,-0.6614373,-16.980947,-7.764436,-0.188806,-5.03905,3.1837053,-5.311376,-6.575777,0.62345773,0.5103504,3.095123,-0.9499875,-6.2955546,-3.6309505,not_covid
127,0.332054198,0.129590407,2406.295022,2071.699521,4511.604818,0.136705187,-168.83295,72.3767,-47.949604,-0.92127144,-27.8159,-17.987059,-42.005314,-0.9385862,-20.001076,-5.42123,-15.071314,-2.3579893,-12.42408,12.246795,-0.95268756,-1.7507124,5.289059,7.627304,0.645861,-2.24214,not_covid
128,0.335650444,0.131941378,1316.384645,904.6723703,2289.64742,0.094710739,-210.104,166.32167,-77.953316,-9.101565,5.380135,-43.28674,-5.523598,-3.3399189,-24.08806,3.01088,-2.0628283,-14.599357,-1.9457612,-5.162958,-5.919271,-1.3557538,-6.091474,-0.056182474,-1.3071228,-7.9908075,not_covid
129,0.497433662,0.060829844,1909.371316,1430.746504,3591.708374,0.142313639,-229.15459,131.0207,-64.97803,47.669903,-19.696672,-7.4576077,11.75089,-20.361767,6.961608,-10.580491,-0.37059674,-1.1047754,-14.151613,6.9306517,-8.304438,-3.8653264,-1.7407768,-7.7414317,1.3121084,-7.823698,not_covid
130,0.378052592,0.047900964,4050.877068,2914.486572,7406.524658,0.359867802,-284.0872,34.72345,-9.69026,-4.50361,-12.1328535,-12.656476,-33.157722,-9.514945,-29.931808,-0.30917153,-23.493738,-2.9555655,-16.353798,-0.4957875,-11.323199,-8.920678,-9.02596,-5.0480723,-8.546755,-8.311547,not_covid
131,0.386118114,0.056608573,2485.296681,2531.03511,5253.204346,0.122429742,-207.06061,89.61312,-3.7676077,-4.64359,-26.027086,-4.825683,-12.010066,0.81540823,-9.751271,0.84342545,0.5285306,-8.733338,-2.8720338,-2.0347323,-4.982939,-6.247495,-7.140328,-1.5256037,-9.652468,-4.5730095,not_covid
132,0.570572019,0.011866231,4208.658116,3173.540771,8281.560262,0.302515101,-373.0651,33.92039,-0.8720628,-1.6565605,-13.633152,-15.925753,-12.510522,-12.075105,-9.674635,-8.940682,-10.861873,-8.146975,-11.913007,-7.0501437,-8.514986,-8.073054,-8.815904,-6.484693,-8.076519,-2.2560928,not_covid
133,0.386386693,0.075174995,3184.952787,2748.747442,6469.680786,0.186514395,-166.43855,51.488182,-30.745272,-7.711742,3.6773818,-18.664635,-13.099745,-15.873016,-29.941248,-5.0463033,-15.84508,-7.424988,-9.823261,-7.2343893,-4.7649274,-3.1828675,-16.923275,-3.5347579,-13.399267,-4.095589,not_covid
134,0.452219844,0.008744814,3170.398964,2783.050327,6350.350952,0.195757831,-438.36987,58.42003,-15.66735,-0.36234453,-8.027013,-8.003562,-12.225494,-14.913609,-11.736292,-9.26012,-12.946593,-9.007826,-7.82129,-0.24682504,-8.716233,-3.5219495,-9.956914,-3.0703256,-4.995039,-1.1238532,not_covid
135,0.399255931,0.059456322,2730.621042,2501.8107,5477.608236,0.146993001,-211.40332,73.72269,-7.5813546,21.711832,-3.1928287,2.8799887,-13.977284,-3.3393743,-16.593628,-6.3089566,-6.7888064,-3.5472033,-4.953323,-4.679002,-8.715294,-0.27056155,-2.5709188,0.15465334,4.1584644,0.77766687,not_covid
136,0.51309216,0.025748141,1806.499654,2115.535861,3838.941447,0.078660753,-417.96606,104.54295,1.2127494,8.193878,4.3023643,6.2115073,4.6642504,-4.1032434,-6.646063,-4.552975,-4.22098,1.5486656,0.7435544,-3.7734573,-2.750619,-1.3651383,0.53675264,-0.78745526,-2.7253306,0.0546117,not_covid
137,0.477671295,0.022803051,3668.818348,2586.051824,6968.583171,0.283076534,-300.74164,59.80008,-46.056576,13.050879,-11.022779,21.177622,-50.583595,53.59665,-37.520885,26.212194,-9.476127,7.2185645,1.927072,9.134559,-2.9414287,6.912443,6.2590084,-3.8313322,16.907413,-3.209465,not_covid
138,0.27914235,0.048103355,2397.222501,2240.791144,4576.005046,0.12508138,-254.21156,68.16167,-43.919044,-2.7271724,-13.844723,-21.329527,-33.749134,-16.215742,-23.78539,1.568575,-3.6311765,3.4226837,6.676317,-4.5970774,-9.996183,-14.758977,-17.849297,0.37747982,-12.297774,-8.168072,not_covid
139,0.53474474,0.020553876,2767.799071,2507.888758,5451.489258,0.176068341,-375.17996,85.30002,-25.495523,2.6142843,-2.1713548,-5.074932,-0.42352661,3.1916301,3.01068,-2.2440708,-7.7071376,9.074904,-3.1891153,-4.2947392,1.7891405,-3.3484175,-5.459768,4.7369,1.4822172,-3.2290509,not_covid
140,0.381581813,0.037035987,3113.293072,2934.541476,6918.737793,0.162382903,-278.63065,66.81709,-5.8075175,4.210941,4.3871284,-3.0904768,-16.040194,-6.2745457,-11.4542055,2.5163577,-6.248618,-7.794489,-3.6860857,6.7585053,-4.138787,-0.9614235,-2.7298388,-3.173792,-7.067165,-1.9576591,not_covid
141,0.346720308,0.021896509,2073.233971,2384.985055,4595.444743,0.080062301,-404.98074,95.900375,-2.223157,11.543498,-6.088795,-0.4585694,-15.490584,-0.80338883,9.824725,-7.957098,-15.914768,-2.4209013,-10.476964,2.7270322,5.637417,0.8210037,7.2869806,6.161703,-5.0835624,1.7059394,not_covid
142,0.25432384,0.028291158,2512.103125,2512.54214,5012.750244,0.123697917,-346.28656,73.3795,-35.612274,-12.246822,-9.953362,-21.987902,4.275399,-0.07484146,-13.871297,-17.371378,-8.74061,-17.38793,-21.109364,-9.899423,-26.131557,-6.3720737,-4.8862667,7.9401546,7.2250113,-1.1643287,not_covid
143,0.482815504,0.038078599,3611.909284,2641.638867,6566.530355,0.280094853,-248.57625,51.949715,-8.97451,-3.9737825,-22.931849,11.866155,-19.841265,5.018631,-25.740139,5.2273707,-5.909253,-1.8174683,-2.402515,-1.2083689,-1.8711754,-2.208564,-6.508554,-2.6316156,-7.8732595,-7.017155,not_covid
144,0.331982374,0.018677106,2708.843404,2294.600492,5077.698771,0.15628843,-328.6946,63.004253,-27.624014,0.2128441,-22.623241,-10.748665,-18.111418,-15.567483,-12.4207535,-3.6721022,-18.553926,-1.329915,-9.13,0.16615422,3.7340002,0.11118296,-1.5542794,-0.70217216,-5.265201,3.973585,not_covid
145,0.334259123,0.020448482,2575.991508,3066.54299,6704.602051,0.087108471,-452.6369,52.573143,22.709166,16.18554,22.285172,10.156315,5.5422606,3.2478716,-0.6824478,-2.343806,-2.9576032,-3.378036,-2.3498514,-0.76748395,-2.9249587,-0.0399331,-6.418054,-4.5152507,-6.2945857,-5.6149087,not_covid
146,0.273527354,0.059695348,1161.514162,1020.053385,2239.453125,0.073800546,-300.46042,155.87256,-30.838999,24.764978,0.98793024,-39.24856,10.519465,9.657709,3.7034502,13.632505,-12.438002,-6.171242,5.0786753,-10.375944,4.4738684,12.158563,-1.1121842,7.564925,10.171552,2.6064725,not_covid
147,0.327554166,0.035073057,1777.231879,2189.490599,3685.018921,0.070561162,-267.83734,114.106575,6.8500433,23.118114,-9.014305,-6.2877727,-11.985604,-7.490465,-19.642769,-6.2537026,-7.531593,-8.196953,-6.492695,-9.949519,-8.7407,-4.2792687,-6.4144626,-3.163103,-5.1358194,1.293543,not_covid
148,0.404570907,0.054844148,2705.816613,2721.901203,5810.724894,0.127965856,-258.51624,71.7583,-3.7971258,-12.08703,-13.250337,-11.88199,-3.8312182,2.6502573,-4.4445376,-3.76118,-2.9859042,-1.9747733,-11.132044,-0.86098015,1.4428102,-2.512186,0.33944228,4.1329856,0.82623696,7.133785,not_covid
149,0.380752295,0.137733862,2137.488859,1595.227204,3979.95402,0.142602991,-186.68265,86.64354,-74.22091,12.120318,-35.79562,-12.615277,-22.938223,-19.5746,-0.3429521,-7.9332232,0.72897935,-15.639423,0.6012234,-3.2051027,-4.62225,3.712601,-9.494179,8.744808,-3.94879,4.146726,not_covid
150,0.40022099,0.009713648,1949.737988,2557.956343,4325.432332,0.066419813,-370.4692,107.97877,14.491706,14.382799,10.667436,6.3972044,6.6225553,-5.61551,-14.799244,-6.9819665,-6.5805316,-6.4694314,-10.765326,-7.535105,-10.656087,-10.727405,-14.011776,-4.8027887,-8.980377,-5.5032744,not_covid
151,0.520069957,0.001872484,2220.217459,2551.78643,4859.924316,0.096589265,-524.7195,91.902275,1.6569849,24.465456,11.3894,14.384424,4.7451563,2.7347941,6.2497406,7.89689,-6.0464163,-3.2025237,-3.9091039,-0.25192422,-5.199993,-4.4781356,-7.1970997,0.6602689,-2.364857,0.03560817,not_covid
152,0.608217239,0.018378893,3538.619081,2911.220129,6966.888428,0.213564272,-478.327,54.068943,-6.979019,-1.1155655,3.5745604,10.336901,-6.9990363,9.588422,-2.7901144,2.3394394,-1.5621353,0.6875984,0.025056345,1.3120726,-1.6209486,-0.78163314,1.7484238,-8.460381,0.7226807,-1.1963544,not_covid
153,0.508575976,0.023620768,2268.680186,2634.249569,5353.842163,0.074234574,-339.3346,100.036514,-6.6996155,6.188976,14.542454,7.2838497,-1.5691396,8.4776125,7.005346,4.163794,0.07059507,4.457217,3.5855825,9.155407,-2.6352477,7.5731454,0.88432014,2.671986,0.53637207,1.7297096,not_covid
154,0.537441552,0.025389064,3720.749561,3007.896895,7476.457723,0.230889214,-391.61386,36.636307,-12.561916,-4.5664206,-6.677824,-7.7217293,-4.7082906,2.1849198,-5.344537,0.5840553,-2.765886,-4.5891037,-11.634343,-9.07296,-3.6470103,-3.2839916,-5.145849,-6.687081,-7.4008064,-4.25825,not_covid
155,0.486317068,0.018866332,3095.445595,1793.313504,4812.87028,0.178111889,-441.79074,15.339568,-11.3871565,119.028046,-34.564453,-1.5354269,30.657131,-0.16105416,19.130102,-7.733924,9.110287,9.999752,3.904958,4.300086,-1.4009738,12.657738,-0.89610523,0.21842603,5.789602,0.77349865,not_covid
156,0.377078921,0.049809199,2504.557174,2147.503202,4902.69165,0.156396936,-218.76953,86.44799,-46.70638,2.2248628,-29.807577,10.265686,-20.110384,8.895851,-20.41371,18.815065,-8.301704,7.332773,-8.005708,4.2247834,-3.5829422,1.1039706,-7.502113,2.4431722,-1.8325647,3.6625605,not_covid
157,0.500179112,0.007548363,4014.819595,2902.92834,7221.24939,0.281688549,-388.51822,44.27092,17.78721,7.3695636,-9.617832,19.737764,-17.942753,9.320333,-11.791782,3.3915393,2.5537806,3.397936,0.51080376,0.17384565,-0.13860968,0.25994805,-1.4776555,1.3964841,-3.91945,-1.3333853,not_covid
158,0.625862658,0.016528131,777.6469018,1553.595535,1335.85612,0.0198952,-501.11588,144.52751,34.715023,33.594967,28.324394,18.779112,10.28549,9.13403,6.9058757,3.8309762,1.8904922,6.1811657,6.143999,0.6495015,1.3534814,2.6235764,-0.74486405,0.46612754,-1.8888476,0.27226862,not_covid
159,0.39792785,0.127275527,3400.09127,2619.300584,6390.974935,0.232234248,-140.07767,36.992718,-37.810898,-9.776283,-12.34649,-16.59669,-24.986025,-11.247762,-15.870115,3.5745854,-4.4394155,3.9218051,-1.9168237,-0.9637086,0.17409828,-8.950028,-7.454608,3.8057277,-8.967987,-1.2731805,not_covid
160,0.381140471,0.110407941,2531.506886,2229.889519,4985.235596,0.142225477,-117.97531,79.77006,-45.159943,14.156926,-17.504904,0.546114,-27.852259,4.017145,-19.903921,5.2121706,-21.552357,-10.151945,-6.847177,4.671288,-6.0361123,1.0424056,-12.278223,4.936059,-12.32404,-2.3866727,not_covid
161,0.417800903,0.16663295,1164.679409,1017.923804,2360.92631,0.06781684,-188.88275,168.39001,-48.86568,19.871305,27.25134,-33.909576,-5.6012177,5.918374,-20.604963,-3.278428,-0.35910544,-12.5617895,-2.65846,-2.3888063,-7.833919,-1.4140108,-2.567732,-3.799821,-0.27907336,-1.9750086,not_covid
162,0.394017339,0.037821565,1507.051663,1271.68812,2876.028442,0.092174389,-323.67996,141.45403,-54.655037,3.6312666,17.47708,-33.426723,-3.2207925,-7.381824,-32.831085,-6.2048535,-7.8257794,-19.289259,1.0122933,-0.079070196,-6.390439,6.6233544,-4.942172,-11.04412,1.190582,-3.2923534,not_covid
163,0.443257838,0.063511632,2542.484443,2273.379337,4915.20284,0.162780762,-268.77045,79.80556,-39.06734,7.572101,1.5480608,-25.801113,-26.439632,-3.1070635,-16.446663,-2.6061,-10.824089,-2.011279,-13.413457,-2.1379066,-13.894088,1.2456262,-4.136741,2.8410568,2.3687243,11.425503,not_covid
164,0.410760105,0.044344958,3909.1675,2563.721458,6912.955729,0.291243942,-216.29205,31.40611,-21.300425,8.744963,-16.860035,-7.08183,-28.82997,16.406738,-22.843466,1.2134563,-1.7994828,3.1956356,-3.465835,3.4964986,3.3340542,-0.6622331,1.679425,6.564738,-1.4799209,4.993684,not_covid
165,0.492974401,0.005093018,1600.647469,2300.999728,3660.644531,0.047815394,-543.7769,119.100296,23.90297,23.70949,8.697512,10.839913,1.6806304,7.781387,1.6868004,3.6876857,-2.6756458,-1.2507538,-2.6342802,1.6474345,0.6471644,1.6026888,-2.4697292,0.70432514,-5.3529196,-1.2810796,not_covid
166,0.40028286,0.052132484,2664.129566,2563.440387,5518.182373,0.121514214,-290.8406,85.514404,-10.986873,10.970556,1.2180616,9.801716,0.31685504,-7.225134,-2.8314528,2.9815843,-8.843078,-4.6298113,-7.4246216,-4.511142,-7.4821997,-4.8655295,-6.3537326,-5.0241876,-8.422812,-0.83120775,not_covid
167,0.704280794,0.058738757,3090.031219,2740.856272,6530.841064,0.179077148,-75.59545,68.84923,-11.6658325,17.189638,-4.74508,2.0614052,-8.53412,5.379292,-4.7471914,5.724702,-6.8675594,0.6776967,-7.5351095,0.602187,-6.629556,0.65905035,-4.125255,0.73494977,-4.655417,-0.6450088,not_covid
168,0.424896061,0.044159308,3173.872023,2482.951387,5768.306478,0.221742983,-264.0645,58.729767,-7.4463286,15.075654,-24.546654,-7.7612677,-29.158247,1.8144753,-19.11,-9.132167,-3.3542585,-0.62562746,0.67735505,-3.6519892,-6.051376,1.2117742,-14.923816,-11.180056,-8.861262,-5.0788755,not_covid
169,0.434573233,0.104041226,3006.457898,2270.008544,5383.550008,0.225384748,-113.60934,61.57564,-50.143192,13.732496,-3.8618062,-16.066517,-11.14799,6.1331024,-32.134663,14.278174,-8.916544,1.9180632,-8.441331,2.808456,-6.152548,-4.181546,-7.0602484,-0.9648949,0.5604923,-1.2458516,not_covid
